run_accession	sample_accession	sample_alias	sample_title	country	location
SRR31227933	SAMN43549963	BF054	Metagenome or environmental sample from human gut metagenome	Burkina Faso: Nanoro	12.68 N 2.19 W
SRR31227942	SAMN43549955	BF046	Metagenome or environmental sample from human gut metagenome	Burkina Faso: Nanoro	12.68 N 2.19 W
SRR31227943	SAMN43549954	BF045	Metagenome or environmental sample from human gut metagenome	Burkina Faso: Nanoro	12.68 N 2.19 W
SRR31227944	SAMN43549953	BF044	Metagenome or environmental sample from human gut metagenome	Burkina Faso: Nanoro	12.68 N 2.19 W
SRR31227945	SAMN43549952	BF043	Metagenome or environmental sample from human gut metagenome	Burkina Faso: Nanoro	12.68 N 2.19 W
SRR31227947	SAMN43550151	BF243	Metagenome or environmental sample from human gut metagenome	Burkina Faso: Nanoro	12.68 N 2.19 W
SRR31227951	SAMN43550148	BF240	Metagenome or environmental sample from human gut metagenome	Burkina Faso: Nanoro	12.68 N 2.19 W
SRR31227955	SAMN43550144	BF236	Metagenome or environmental sample from human gut metagenome	Burkina Faso: Nanoro	12.68 N 2.19 W
SRR31227959	SAMN43550140	BF232	Metagenome or environmental sample from human gut metagenome	Burkina Faso: Nanoro	12.68 N 2.19 W
SRR31227962	SAMN43550138	BF230	Metagenome or environmental sample from human gut metagenome	Burkina Faso: Nanoro	12.68 N 2.19 W
SRR31227965	SAMN43550135	BF227	Metagenome or environmental sample from human gut metagenome	Burkina Faso: Nanoro	12.68 N 2.19 W
SRR31227966	SAMN43550134	BF226	Metagenome or environmental sample from human gut metagenome	Burkina Faso: Nanoro	12.68 N 2.19 W
SRR31227967	SAMN43550133	BF225	Metagenome or environmental sample from human gut metagenome	Burkina Faso: Nanoro	12.68 N 2.19 W
SRR31227976	SAMN43550125	BF216	Metagenome or environmental sample from human gut metagenome	Burkina Faso: Nanoro	12.68 N 2.19 W
SRR31227978	SAMN43550123	BF214	Metagenome or environmental sample from human gut metagenome	Burkina Faso: Nanoro	12.68 N 2.19 W
SRR31227979	SAMN43550009	BF100	Metagenome or environmental sample from human gut metagenome	Burkina Faso: Nanoro	12.68 N 2.19 W
SRR31227980	SAMN43550008	BF099	Metagenome or environmental sample from human gut metagenome	Burkina Faso: Nanoro	12.68 N 2.19 W
SRR31227983	SAMN43550005	BF096	Metagenome or environmental sample from human gut metagenome	Burkina Faso: Nanoro	12.68 N 2.19 W
SRR31227985	SAMN43550003	BF094	Metagenome or environmental sample from human gut metagenome	Burkina Faso: Nanoro	12.68 N 2.19 W
SRR31227987	SAMN43550001	BF092	Metagenome or environmental sample from human gut metagenome	Burkina Faso: Nanoro	12.68 N 2.19 W
SRR31227988	SAMN43550000	BF091	Metagenome or environmental sample from human gut metagenome	Burkina Faso: Nanoro	12.68 N 2.19 W
SRR31227990	SAMN43549999	BF090	Metagenome or environmental sample from human gut metagenome	Burkina Faso: Nanoro	12.68 N 2.19 W
SRR31227991	SAMN43549998	BF089	Metagenome or environmental sample from human gut metagenome	Burkina Faso: Nanoro	12.68 N 2.19 W
SRR31227993	SAMN43549996	BF087	Metagenome or environmental sample from human gut metagenome	Burkina Faso: Nanoro	12.68 N 2.19 W
SRR31227997	SAMN43549992	BF083	Metagenome or environmental sample from human gut metagenome	Burkina Faso: Nanoro	12.68 N 2.19 W
SRR31227998	SAMN43549991	BF082	Metagenome or environmental sample from human gut metagenome	Burkina Faso: Nanoro	12.68 N 2.19 W
SRR31228000	SAMN43549918	BF009	Metagenome or environmental sample from human gut metagenome	Burkina Faso: Nanoro	12.68 N 2.19 W
SRR31228001	SAMN43549989	BF080	Metagenome or environmental sample from human gut metagenome	Burkina Faso: Nanoro	12.68 N 2.19 W
SRR31228003	SAMN43549987	BF078	Metagenome or environmental sample from human gut metagenome	Burkina Faso: Nanoro	12.68 N 2.19 W
SRR31228004	SAMN43549986	BF077	Metagenome or environmental sample from human gut metagenome	Burkina Faso: Nanoro	12.68 N 2.19 W
SRR31228005	SAMN43549985	BF076	Metagenome or environmental sample from human gut metagenome	Burkina Faso: Nanoro	12.68 N 2.19 W
SRR31228009	SAMN43549981	BF072	Metagenome or environmental sample from human gut metagenome	Burkina Faso: Nanoro	12.68 N 2.19 W
SRR31228010	SAMN43549980	BF071	Metagenome or environmental sample from human gut metagenome	Burkina Faso: Nanoro	12.68 N 2.19 W
SRR31228013	SAMN43549949	BF040	Metagenome or environmental sample from human gut metagenome	Burkina Faso: Nanoro	12.68 N 2.19 W
SRR31228015	SAMN43550292	BF385	Metagenome or environmental sample from human gut metagenome	Burkina Faso: Nanoro	12.68 N 2.19 W
SRR31228016	SAMN43550291	BF384	Metagenome or environmental sample from human gut metagenome	Burkina Faso: Nanoro	12.68 N 2.19 W
SRR31228017	SAMN43550290	BF383	Metagenome or environmental sample from human gut metagenome	Burkina Faso: Nanoro	12.68 N 2.19 W
SRR31228019	SAMN43550289	BF382	Metagenome or environmental sample from human gut metagenome	Burkina Faso: Nanoro	12.68 N 2.19 W
SRR31228020	SAMN43550288	BF381	Metagenome or environmental sample from human gut metagenome	Burkina Faso: Nanoro	12.68 N 2.19 W
SRR31228022	SAMN43550286	BF379	Metagenome or environmental sample from human gut metagenome	Burkina Faso: Nanoro	12.68 N 2.19 W
SRR31228024	SAMN43550284	BF377	Metagenome or environmental sample from human gut metagenome	Burkina Faso: Nanoro	12.68 N 2.19 W
SRR31228027	SAMN43550281	BF374	Metagenome or environmental sample from human gut metagenome	Burkina Faso: Nanoro	12.68 N 2.19 W
SRR31228030	SAMN43550279	BF372	Metagenome or environmental sample from human gut metagenome	Burkina Faso: Nanoro	12.68 N 2.19 W
SRR31228033	SAMN43550276	BF369	Metagenome or environmental sample from human gut metagenome	Burkina Faso: Nanoro	12.68 N 2.19 W
SRR31228036	SAMN43550273	BF366	Metagenome or environmental sample from human gut metagenome	Burkina Faso: Nanoro	12.68 N 2.19 W
SRR31228039	SAMN43550270	BF363	Metagenome or environmental sample from human gut metagenome	Burkina Faso: Nanoro	12.68 N 2.19 W
SRR31228041	SAMN43550269	BF362	Metagenome or environmental sample from human gut metagenome	Burkina Faso: Nanoro	12.68 N 2.19 W
SRR31228043	SAMN43550267	BF360	Metagenome or environmental sample from human gut metagenome	Burkina Faso: Nanoro	12.68 N 2.19 W
SRR31228044	SAMN43550266	BF359	Metagenome or environmental sample from human gut metagenome	Burkina Faso: Nanoro	12.68 N 2.19 W
SRR31228047	SAMN43550263	BF356	Metagenome or environmental sample from human gut metagenome	Burkina Faso: Nanoro	12.68 N 2.19 W
SRR31228052	SAMN43550259	BF352	Metagenome or environmental sample from human gut metagenome	Burkina Faso: Nanoro	12.68 N 2.19 W
SRR31228061	SAMN43550250	BF343	Metagenome or environmental sample from human gut metagenome	Burkina Faso: Nanoro	12.68 N 2.19 W
SRR31228062	SAMN43549944	BF035	Metagenome or environmental sample from human gut metagenome	Burkina Faso: Nanoro	12.68 N 2.19 W
SRR31228063	SAMN43550249	BF342	Metagenome or environmental sample from human gut metagenome	Burkina Faso: Nanoro	12.68 N 2.19 W
SRR31228065	SAMN43550247	BF340	Metagenome or environmental sample from human gut metagenome	Burkina Faso: Nanoro	12.68 N 2.19 W
SRR31228066	SAMN43550246	BF339	Metagenome or environmental sample from human gut metagenome	Burkina Faso: Nanoro	12.68 N 2.19 W
SRR31228071	SAMN43550241	BF334	Metagenome or environmental sample from human gut metagenome	Burkina Faso: Nanoro	12.68 N 2.19 W
SRR31228073	SAMN43549943	BF034	Metagenome or environmental sample from human gut metagenome	Burkina Faso: Nanoro	12.68 N 2.19 W
SRR31228075	SAMN43550238	BF331	Metagenome or environmental sample from human gut metagenome	Burkina Faso: Nanoro	12.68 N 2.19 W
SRR31228076	SAMN43550237	BF330	Metagenome or environmental sample from human gut metagenome	Burkina Faso: Nanoro	12.68 N 2.19 W
SRR31228078	SAMN43550235	BF328	Metagenome or environmental sample from human gut metagenome	Burkina Faso: Nanoro	12.68 N 2.19 W
SRR31228080	SAMN43550233	BF326	Metagenome or environmental sample from human gut metagenome	Burkina Faso: Nanoro	12.68 N 2.19 W
SRR31228088	SAMN43550226	BF319	Metagenome or environmental sample from human gut metagenome	Burkina Faso: Nanoro	12.68 N 2.19 W
SRR31228089	SAMN43550225	BF318	Metagenome or environmental sample from human gut metagenome	Burkina Faso: Nanoro	12.68 N 2.19 W
SRR31228097	SAMN43550218	BF311	Metagenome or environmental sample from human gut metagenome	Burkina Faso: Nanoro	12.68 N 2.19 W
SRR31228100	SAMN43550215	BF308	Metagenome or environmental sample from human gut metagenome	Burkina Faso: Nanoro	12.68 N 2.19 W
SRR31228102	SAMN43550213	BF306	Metagenome or environmental sample from human gut metagenome	Burkina Faso: Nanoro	12.68 N 2.19 W
SRR31228103	SAMN43550212	BF305	Metagenome or environmental sample from human gut metagenome	Burkina Faso: Nanoro	12.68 N 2.19 W
SRR31228104	SAMN43550211	BF304	Metagenome or environmental sample from human gut metagenome	Burkina Faso: Nanoro	12.68 N 2.19 W
SRR31228110	SAMN43550178	BF270	Metagenome or environmental sample from human gut metagenome	Burkina Faso: Nanoro	12.68 N 2.19 W
SRR31228113	SAMN43550175	BF267	Metagenome or environmental sample from human gut metagenome	Burkina Faso: Nanoro	12.68 N 2.19 W
SRR31228114	SAMN43550174	BF266	Metagenome or environmental sample from human gut metagenome	Burkina Faso: Nanoro	12.68 N 2.19 W
SRR31228117	SAMN43550171	BF263	Metagenome or environmental sample from human gut metagenome	Burkina Faso: Nanoro	12.68 N 2.19 W
SRR31228120	SAMN43550169	BF261	Metagenome or environmental sample from human gut metagenome	Burkina Faso: Nanoro	12.68 N 2.19 W
SRR31228122	SAMN43550167	BF259	Metagenome or environmental sample from human gut metagenome	Burkina Faso: Nanoro	12.68 N 2.19 W
SRR31228128	SAMN43550161	BF253	Metagenome or environmental sample from human gut metagenome	Burkina Faso: Nanoro	12.68 N 2.19 W
SRR31228131	SAMN43550159	BF251	Metagenome or environmental sample from human gut metagenome	Burkina Faso: Nanoro	12.68 N 2.19 W
SRR31228133	SAMN43550157	BF249	Metagenome or environmental sample from human gut metagenome	Burkina Faso: Nanoro	12.68 N 2.19 W
SRR31228139	SAMN43550065	BF156	Metagenome or environmental sample from human gut metagenome	Burkina Faso: Nanoro	12.68 N 2.19 W
SRR31228140	SAMN43550064	BF155	Metagenome or environmental sample from human gut metagenome	Burkina Faso: Nanoro	12.68 N 2.19 W
SRR31228141	SAMN43550063	BF154	Metagenome or environmental sample from human gut metagenome	Burkina Faso: Nanoro	12.68 N 2.19 W
SRR31228144	SAMN43550060	BF151	Metagenome or environmental sample from human gut metagenome	Burkina Faso: Nanoro	12.68 N 2.19 W
SRR31228154	SAMN43550051	BF142	Metagenome or environmental sample from human gut metagenome	Burkina Faso: Nanoro	12.68 N 2.19 W
SRR31228155	SAMN43550050	BF141	Metagenome or environmental sample from human gut metagenome	Burkina Faso: Nanoro	12.68 N 2.19 W
SRR31228157	SAMN43550049	BF140	Metagenome or environmental sample from human gut metagenome	Burkina Faso: Nanoro	12.68 N 2.19 W
SRR31228161	SAMN43550045	BF136	Metagenome or environmental sample from human gut metagenome	Burkina Faso: Nanoro	12.68 N 2.19 W
SRR31228162	SAMN43550044	BF135	Metagenome or environmental sample from human gut metagenome	Burkina Faso: Nanoro	12.68 N 2.19 W
SRR31228163	SAMN43550043	BF134	Metagenome or environmental sample from human gut metagenome	Burkina Faso: Nanoro	12.68 N 2.19 W
SRR31228164	SAMN43550042	BF133	Metagenome or environmental sample from human gut metagenome	Burkina Faso: Nanoro	12.68 N 2.19 W
SRR31228166	SAMN43550040	BF131	Metagenome or environmental sample from human gut metagenome	Burkina Faso: Nanoro	12.68 N 2.19 W
SRR31228167	SAMN43549923	BF014	Metagenome or environmental sample from human gut metagenome	Burkina Faso: Nanoro	12.68 N 2.19 W
SRR31228174	SAMN43549931	BF022	Metagenome or environmental sample from human gut metagenome	Burkina Faso: Nanoro	12.68 N 2.19 W
SRR31228175	SAMN43550119	BF210	Metagenome or environmental sample from human gut metagenome	Burkina Faso: Nanoro	12.68 N 2.19 W
SRR31228176	SAMN43550118	BF209	Metagenome or environmental sample from human gut metagenome	Burkina Faso: Nanoro	12.68 N 2.19 W
SRR31228179	SAMN43550115	BF206	Metagenome or environmental sample from human gut metagenome	Burkina Faso: Nanoro	12.68 N 2.19 W
SRR31228180	SAMN43550114	BF205	Metagenome or environmental sample from human gut metagenome	Burkina Faso: Nanoro	12.68 N 2.19 W
SRR31228182	SAMN43550112	BF203	Metagenome or environmental sample from human gut metagenome	Burkina Faso: Nanoro	12.68 N 2.19 W
SRR31228183	SAMN43550111	BF202	Metagenome or environmental sample from human gut metagenome	Burkina Faso: Nanoro	12.68 N 2.19 W
SRR31228190	SAMN43550106	BF197	Metagenome or environmental sample from human gut metagenome	Burkina Faso: Nanoro	12.68 N 2.19 W
SRR31228193	SAMN43550103	BF194	Metagenome or environmental sample from human gut metagenome	Burkina Faso: Nanoro	12.68 N 2.19 W
SRR31228194	SAMN43550102	BF193	Metagenome or environmental sample from human gut metagenome	Burkina Faso: Nanoro	12.68 N 2.19 W
SRR31228197	SAMN43549929	BF020	Metagenome or environmental sample from human gut metagenome	Burkina Faso: Nanoro	12.68 N 2.19 W
SRR31228202	SAMN43550095	BF186	Metagenome or environmental sample from human gut metagenome	Burkina Faso: Nanoro	12.68 N 2.19 W
SRR31228207	SAMN43550090	BF181	Metagenome or environmental sample from human gut metagenome	Burkina Faso: Nanoro	12.68 N 2.19 W
SRR31228209	SAMN43550089	BF180	Metagenome or environmental sample from human gut metagenome	Burkina Faso: Nanoro	12.68 N 2.19 W
SRR31228213	SAMN43550085	BF176	Metagenome or environmental sample from human gut metagenome	Burkina Faso: Nanoro	12.68 N 2.19 W
SRR31228214	SAMN43550084	BF175	Metagenome or environmental sample from human gut metagenome	Burkina Faso: Nanoro	12.68 N 2.19 W
SRR31228216	SAMN43550082	BF173	Metagenome or environmental sample from human gut metagenome	Burkina Faso: Nanoro	12.68 N 2.19 W
SRR31228217	SAMN43550081	BF172	Metagenome or environmental sample from human gut metagenome	Burkina Faso: Nanoro	12.68 N 2.19 W
SRR31228222	SAMN43550077	BF168	Metagenome or environmental sample from human gut metagenome	Burkina Faso: Nanoro	12.68 N 2.19 W
SRR31228226	SAMN43550073	BF164	Metagenome or environmental sample from human gut metagenome	Burkina Faso: Nanoro	12.68 N 2.19 W
SRR31228229	SAMN43550070	BF161	Metagenome or environmental sample from human gut metagenome	Burkina Faso: Nanoro	12.68 N 2.19 W
SRR31228233	SAMN43550067	BF158	Metagenome or environmental sample from human gut metagenome	Burkina Faso: Nanoro	12.68 N 2.19 W
SRR31228234	SAMN43550066	BF157	Metagenome or environmental sample from human gut metagenome	Burkina Faso: Nanoro	12.68 N 2.19 W
SRR31228235	SAMN43550036	BF127	Metagenome or environmental sample from human gut metagenome	Burkina Faso: Nanoro	12.68 N 2.19 W
SRR31228242	SAMN43549922	BF013	Metagenome or environmental sample from human gut metagenome	Burkina Faso: Nanoro	12.68 N 2.19 W
SRR31228246	SAMN43550026	BF117	Metagenome or environmental sample from human gut metagenome	Burkina Faso: Nanoro	12.68 N 2.19 W
SRR31228247	SAMN43550025	BF116	Metagenome or environmental sample from human gut metagenome	Burkina Faso: Nanoro	12.68 N 2.19 W
SRR31228251	SAMN43550021	BF112	Metagenome or environmental sample from human gut metagenome	Burkina Faso: Nanoro	12.68 N 2.19 W
SRR31228253	SAMN43549921	BF012	Metagenome or environmental sample from human gut metagenome	Burkina Faso: Nanoro	12.68 N 2.19 W
SRR31228255	SAMN43550018	BF109	Metagenome or environmental sample from human gut metagenome	Burkina Faso: Nanoro	12.68 N 2.19 W
SRR31228258	SAMN43550015	BF106	Metagenome or environmental sample from human gut metagenome	Burkina Faso: Nanoro	12.68 N 2.19 W
SRR31228259	SAMN43550014	BF105	Metagenome or environmental sample from human gut metagenome	Burkina Faso: Nanoro	12.68 N 2.19 W
SRR31228260	SAMN43550013	BF104	Metagenome or environmental sample from human gut metagenome	Burkina Faso: Nanoro	12.68 N 2.19 W
SRR31228262	SAMN43550011	BF102	Metagenome or environmental sample from human gut metagenome	Burkina Faso: Nanoro	12.68 N 2.19 W
SRR31228263	SAMN43550010	BF101	Metagenome or environmental sample from human gut metagenome	Burkina Faso: Nanoro	12.68 N 2.19 W
SRR31228264	SAMN43549920	BF011	Metagenome or environmental sample from human gut metagenome	Burkina Faso: Nanoro	12.68 N 2.19 W
SRR31228266	SAMN43549910	BF001	Metagenome or environmental sample from human gut metagenome	Burkina Faso: Nanoro	12.68 N 2.19 W
SRR31228267	SAMN43549913	BF004	Metagenome or environmental sample from human gut metagenome	Burkina Faso: Nanoro	12.68 N 2.19 W
SRR31228268	SAMN43550209	BF302	Metagenome or environmental sample from human gut metagenome	Burkina Faso: Nanoro	12.68 N 2.19 W
SRR31228269	SAMN43550208	BF301	Metagenome or environmental sample from human gut metagenome	Burkina Faso: Nanoro	12.68 N 2.19 W
SRR31228272	SAMN43550205	BF298	Metagenome or environmental sample from human gut metagenome	Burkina Faso: Nanoro	12.68 N 2.19 W
SRR31228277	SAMN43550200	BF293	Metagenome or environmental sample from human gut metagenome	Burkina Faso: Nanoro	12.68 N 2.19 W
SRR31228279	SAMN43550199	BF292	Metagenome or environmental sample from human gut metagenome	Burkina Faso: Nanoro	12.68 N 2.19 W
SRR31228280	SAMN43550198	BF291	Metagenome or environmental sample from human gut metagenome	Burkina Faso: Nanoro	12.68 N 2.19 W
SRR31228281	SAMN43550197	BF290	Metagenome or environmental sample from human gut metagenome	Burkina Faso: Nanoro	12.68 N 2.19 W
SRR31228289	SAMN43549938	BF029	Metagenome or environmental sample from human gut metagenome	Burkina Faso: Nanoro	12.68 N 2.19 W
SRR31228292	SAMN43550187	BF279	Metagenome or environmental sample from human gut metagenome	Burkina Faso: Nanoro	12.68 N 2.19 W
SRR31228300	SAMN43549979	BF070	Metagenome or environmental sample from human gut metagenome	Burkina Faso: Nanoro	12.68 N 2.19 W
SRR31228301	SAMN43549978	BF069	Metagenome or environmental sample from human gut metagenome	Burkina Faso: Nanoro	12.68 N 2.19 W
SRR31228307	SAMN43549972	BF063	Metagenome or environmental sample from human gut metagenome	Burkina Faso: Nanoro	12.68 N 2.19 W
SRR31227931	SAMN43549965	BF056	Metagenome or environmental sample from human gut metagenome	Burkina Faso: Nanoro	12.68 N 2.19 W
SRR31227936	SAMN43549960	BF051	Metagenome or environmental sample from human gut metagenome	Burkina Faso: Nanoro	12.68 N 2.19 W
SRR31227937	SAMN43549915	BF006	Metagenome or environmental sample from human gut metagenome	Burkina Faso: Nanoro	12.68 N 2.19 W
SRR31227938	SAMN43549959	BF050	Metagenome or environmental sample from human gut metagenome	Burkina Faso: Nanoro	12.68 N 2.19 W
SRR31227941	SAMN43549956	BF047	Metagenome or environmental sample from human gut metagenome	Burkina Faso: Nanoro	12.68 N 2.19 W
SRR31227946	SAMN43549951	BF042	Metagenome or environmental sample from human gut metagenome	Burkina Faso: Nanoro	12.68 N 2.19 W
SRR31227949	SAMN43549934	BF025	Metagenome or environmental sample from human gut metagenome	Burkina Faso: Nanoro	12.68 N 2.19 W
SRR31227952	SAMN43550147	BF239	Metagenome or environmental sample from human gut metagenome	Burkina Faso: Nanoro	12.68 N 2.19 W
SRR31227954	SAMN43550145	BF237	Metagenome or environmental sample from human gut metagenome	Burkina Faso: Nanoro	12.68 N 2.19 W
SRR31227961	SAMN43550139	BF231	Metagenome or environmental sample from human gut metagenome	Burkina Faso: Nanoro	12.68 N 2.19 W
SRR31227968	SAMN43550132	BF223	Metagenome or environmental sample from human gut metagenome	Burkina Faso: Nanoro	12.68 N 2.19 W
SRR31227970	SAMN43550130	BF221	Metagenome or environmental sample from human gut metagenome	Burkina Faso: Nanoro	12.68 N 2.19 W
SRR31227974	SAMN43550127	BF218	Metagenome or environmental sample from human gut metagenome	Burkina Faso: Nanoro	12.68 N 2.19 W
SRR31227975	SAMN43550126	BF217	Metagenome or environmental sample from human gut metagenome	Burkina Faso: Nanoro	12.68 N 2.19 W
SRR31227977	SAMN43550124	BF215	Metagenome or environmental sample from human gut metagenome	Burkina Faso: Nanoro	12.68 N 2.19 W
SRR31227986	SAMN43550002	BF093	Metagenome or environmental sample from human gut metagenome	Burkina Faso: Nanoro	12.68 N 2.19 W
SRR31227994	SAMN43549995	BF086	Metagenome or environmental sample from human gut metagenome	Burkina Faso: Nanoro	12.68 N 2.19 W
SRR31227995	SAMN43549994	BF085	Metagenome or environmental sample from human gut metagenome	Burkina Faso: Nanoro	12.68 N 2.19 W
SRR31227996	SAMN43549993	BF084	Metagenome or environmental sample from human gut metagenome	Burkina Faso: Nanoro	12.68 N 2.19 W
SRR31228002	SAMN43549988	BF079	Metagenome or environmental sample from human gut metagenome	Burkina Faso: Nanoro	12.68 N 2.19 W
SRR31228006	SAMN43549984	BF075	Metagenome or environmental sample from human gut metagenome	Burkina Faso: Nanoro	12.68 N 2.19 W
SRR31228008	SAMN43549982	BF073	Metagenome or environmental sample from human gut metagenome	Burkina Faso: Nanoro	12.68 N 2.19 W
SRR31228011	SAMN43549950	BF041	Metagenome or environmental sample from human gut metagenome	Burkina Faso: Nanoro	12.68 N 2.19 W
SRR31228021	SAMN43550287	BF380	Metagenome or environmental sample from human gut metagenome	Burkina Faso: Nanoro	12.68 N 2.19 W
SRR31228023	SAMN43550285	BF378	Metagenome or environmental sample from human gut metagenome	Burkina Faso: Nanoro	12.68 N 2.19 W
SRR31228025	SAMN43550283	BF376	Metagenome or environmental sample from human gut metagenome	Burkina Faso: Nanoro	12.68 N 2.19 W
SRR31228028	SAMN43550280	BF373	Metagenome or environmental sample from human gut metagenome	Burkina Faso: Nanoro	12.68 N 2.19 W
SRR31228031	SAMN43550278	BF371	Metagenome or environmental sample from human gut metagenome	Burkina Faso: Nanoro	12.68 N 2.19 W
SRR31228034	SAMN43550275	BF368	Metagenome or environmental sample from human gut metagenome	Burkina Faso: Nanoro	12.68 N 2.19 W
SRR31228038	SAMN43550271	BF364	Metagenome or environmental sample from human gut metagenome	Burkina Faso: Nanoro	12.68 N 2.19 W
SRR31228042	SAMN43550268	BF361	Metagenome or environmental sample from human gut metagenome	Burkina Faso: Nanoro	12.68 N 2.19 W
SRR31228045	SAMN43550265	BF358	Metagenome or environmental sample from human gut metagenome	Burkina Faso: Nanoro	12.68 N 2.19 W
SRR31228048	SAMN43550262	BF355	Metagenome or environmental sample from human gut metagenome	Burkina Faso: Nanoro	12.68 N 2.19 W
SRR31228049	SAMN43550261	BF354	Metagenome or environmental sample from human gut metagenome	Burkina Faso: Nanoro	12.68 N 2.19 W
SRR31228050	SAMN43550260	BF353	Metagenome or environmental sample from human gut metagenome	Burkina Faso: Nanoro	12.68 N 2.19 W
SRR31228051	SAMN43549945	BF036	Metagenome or environmental sample from human gut metagenome	Burkina Faso: Nanoro	12.68 N 2.19 W
SRR31228056	SAMN43550255	BF348	Metagenome or environmental sample from human gut metagenome	Burkina Faso: Nanoro	12.68 N 2.19 W
SRR31228057	SAMN43550254	BF347	Metagenome or environmental sample from human gut metagenome	Burkina Faso: Nanoro	12.68 N 2.19 W
SRR31228060	SAMN43550251	BF344	Metagenome or environmental sample from human gut metagenome	Burkina Faso: Nanoro	12.68 N 2.19 W
SRR31228064	SAMN43550248	BF341	Metagenome or environmental sample from human gut metagenome	Burkina Faso: Nanoro	12.68 N 2.19 W
SRR31228067	SAMN43550245	BF338	Metagenome or environmental sample from human gut metagenome	Burkina Faso: Nanoro	12.68 N 2.19 W
SRR31228068	SAMN43550244	BF337	Metagenome or environmental sample from human gut metagenome	Burkina Faso: Nanoro	12.68 N 2.19 W
SRR31228072	SAMN43550240	BF333	Metagenome or environmental sample from human gut metagenome	Burkina Faso: Nanoro	12.68 N 2.19 W
SRR31228079	SAMN43550234	BF327	Metagenome or environmental sample from human gut metagenome	Burkina Faso: Nanoro	12.68 N 2.19 W
SRR31228082	SAMN43550231	BF324	Metagenome or environmental sample from human gut metagenome	Burkina Faso: Nanoro	12.68 N 2.19 W
SRR31228084	SAMN43549942	BF033	Metagenome or environmental sample from human gut metagenome	Burkina Faso: Nanoro	12.68 N 2.19 W
SRR31228085	SAMN43550229	BF322	Metagenome or environmental sample from human gut metagenome	Burkina Faso: Nanoro	12.68 N 2.19 W
SRR31228086	SAMN43550228	BF321	Metagenome or environmental sample from human gut metagenome	Burkina Faso: Nanoro	12.68 N 2.19 W
SRR31228091	SAMN43550223	BF316	Metagenome or environmental sample from human gut metagenome	Burkina Faso: Nanoro	12.68 N 2.19 W
SRR31228101	SAMN43550214	BF307	Metagenome or environmental sample from human gut metagenome	Burkina Faso: Nanoro	12.68 N 2.19 W
SRR31228106	SAMN43549940	BF031	Metagenome or environmental sample from human gut metagenome	Burkina Faso: Nanoro	12.68 N 2.19 W
SRR31228109	SAMN43550179	BF271	Metagenome or environmental sample from human gut metagenome	Burkina Faso: Nanoro	12.68 N 2.19 W
SRR31228115	SAMN43550173	BF265	Metagenome or environmental sample from human gut metagenome	Burkina Faso: Nanoro	12.68 N 2.19 W
SRR31228119	SAMN43549936	BF027	Metagenome or environmental sample from human gut metagenome	Burkina Faso: Nanoro	12.68 N 2.19 W
SRR31228123	SAMN43550166	BF258	Metagenome or environmental sample from human gut metagenome	Burkina Faso: Nanoro	12.68 N 2.19 W
SRR31228125	SAMN43550164	BF256	Metagenome or environmental sample from human gut metagenome	Burkina Faso: Nanoro	12.68 N 2.19 W
SRR31228127	SAMN43550162	BF254	Metagenome or environmental sample from human gut metagenome	Burkina Faso: Nanoro	12.68 N 2.19 W
SRR31228129	SAMN43550160	BF252	Metagenome or environmental sample from human gut metagenome	Burkina Faso: Nanoro	12.68 N 2.19 W
SRR31228130	SAMN43549935	BF026	Metagenome or environmental sample from human gut metagenome	Burkina Faso: Nanoro	12.68 N 2.19 W
SRR31228132	SAMN43550158	BF250	Metagenome or environmental sample from human gut metagenome	Burkina Faso: Nanoro	12.68 N 2.19 W
SRR31228134	SAMN43550156	BF248	Metagenome or environmental sample from human gut metagenome	Burkina Faso: Nanoro	12.68 N 2.19 W
SRR31228136	SAMN43550154	BF246	Metagenome or environmental sample from human gut metagenome	Burkina Faso: Nanoro	12.68 N 2.19 W
SRR31228142	SAMN43550062	BF153	Metagenome or environmental sample from human gut metagenome	Burkina Faso: Nanoro	12.68 N 2.19 W
SRR31228143	SAMN43550061	BF152	Metagenome or environmental sample from human gut metagenome	Burkina Faso: Nanoro	12.68 N 2.19 W
SRR31228146	SAMN43550059	BF150	Metagenome or environmental sample from human gut metagenome	Burkina Faso: Nanoro	12.68 N 2.19 W
SRR31228149	SAMN43550056	BF147	Metagenome or environmental sample from human gut metagenome	Burkina Faso: Nanoro	12.68 N 2.19 W
SRR31228150	SAMN43550055	BF146	Metagenome or environmental sample from human gut metagenome	Burkina Faso: Nanoro	12.68 N 2.19 W
SRR31228153	SAMN43550052	BF143	Metagenome or environmental sample from human gut metagenome	Burkina Faso: Nanoro	12.68 N 2.19 W
SRR31228158	SAMN43550048	BF139	Metagenome or environmental sample from human gut metagenome	Burkina Faso: Nanoro	12.68 N 2.19 W
SRR31228165	SAMN43550041	BF132	Metagenome or environmental sample from human gut metagenome	Burkina Faso: Nanoro	12.68 N 2.19 W
SRR31228168	SAMN43550039	BF130	Metagenome or environmental sample from human gut metagenome	Burkina Faso: Nanoro	12.68 N 2.19 W
SRR31228170	SAMN43550037	BF128	Metagenome or environmental sample from human gut metagenome	Burkina Faso: Nanoro	12.68 N 2.19 W
SRR31228173	SAMN43550120	BF211	Metagenome or environmental sample from human gut metagenome	Burkina Faso: Nanoro	12.68 N 2.19 W
SRR31228178	SAMN43550116	BF207	Metagenome or environmental sample from human gut metagenome	Burkina Faso: Nanoro	12.68 N 2.19 W
SRR31228181	SAMN43550113	BF204	Metagenome or environmental sample from human gut metagenome	Burkina Faso: Nanoro	12.68 N 2.19 W
SRR31228192	SAMN43550104	BF195	Metagenome or environmental sample from human gut metagenome	Burkina Faso: Nanoro	12.68 N 2.19 W
SRR31228195	SAMN43550101	BF192	Metagenome or environmental sample from human gut metagenome	Burkina Faso: Nanoro	12.68 N 2.19 W
SRR31228196	SAMN43550100	BF191	Metagenome or environmental sample from human gut metagenome	Burkina Faso: Nanoro	12.68 N 2.19 W
SRR31228198	SAMN43550099	BF190	Metagenome or environmental sample from human gut metagenome	Burkina Faso: Nanoro	12.68 N 2.19 W
SRR31228200	SAMN43550097	BF188	Metagenome or environmental sample from human gut metagenome	Burkina Faso: Nanoro	12.68 N 2.19 W
SRR31228201	SAMN43550096	BF187	Metagenome or environmental sample from human gut metagenome	Burkina Faso: Nanoro	12.68 N 2.19 W
SRR31228203	SAMN43550094	BF185	Metagenome or environmental sample from human gut metagenome	Burkina Faso: Nanoro	12.68 N 2.19 W
SRR31228215	SAMN43550083	BF174	Metagenome or environmental sample from human gut metagenome	Burkina Faso: Nanoro	12.68 N 2.19 W
SRR31228218	SAMN43550080	BF171	Metagenome or environmental sample from human gut metagenome	Burkina Faso: Nanoro	12.68 N 2.19 W
SRR31228221	SAMN43550078	BF169	Metagenome or environmental sample from human gut metagenome	Burkina Faso: Nanoro	12.68 N 2.19 W
SRR31228224	SAMN43550075	BF166	Metagenome or environmental sample from human gut metagenome	Burkina Faso: Nanoro	12.68 N 2.19 W
SRR31228225	SAMN43550074	BF165	Metagenome or environmental sample from human gut metagenome	Burkina Faso: Nanoro	12.68 N 2.19 W
SRR31228232	SAMN43550068	BF159	Metagenome or environmental sample from human gut metagenome	Burkina Faso: Nanoro	12.68 N 2.19 W
SRR31228236	SAMN43550035	BF126	Metagenome or environmental sample from human gut metagenome	Burkina Faso: Nanoro	12.68 N 2.19 W
SRR31228238	SAMN43550033	BF124	Metagenome or environmental sample from human gut metagenome	Burkina Faso: Nanoro	12.68 N 2.19 W
SRR31228239	SAMN43550032	BF123	Metagenome or environmental sample from human gut metagenome	Burkina Faso: Nanoro	12.68 N 2.19 W
SRR31228240	SAMN43550031	BF122	Metagenome or environmental sample from human gut metagenome	Burkina Faso: Nanoro	12.68 N 2.19 W
SRR31228243	SAMN43550029	BF120	Metagenome or environmental sample from human gut metagenome	Burkina Faso: Nanoro	12.68 N 2.19 W
SRR31228248	SAMN43550024	BF115	Metagenome or environmental sample from human gut metagenome	Burkina Faso: Nanoro	12.68 N 2.19 W
SRR31228250	SAMN43550022	BF113	Metagenome or environmental sample from human gut metagenome	Burkina Faso: Nanoro	12.68 N 2.19 W
SRR31228261	SAMN43550012	BF103	Metagenome or environmental sample from human gut metagenome	Burkina Faso: Nanoro	12.68 N 2.19 W
SRR31228265	SAMN43549911	BF002	Metagenome or environmental sample from human gut metagenome	Burkina Faso: Nanoro	12.68 N 2.19 W
SRR31228270	SAMN43550207	BF300	Metagenome or environmental sample from human gut metagenome	Burkina Faso: Nanoro	12.68 N 2.19 W
SRR31228271	SAMN43550206	BF299	Metagenome or environmental sample from human gut metagenome	Burkina Faso: Nanoro	12.68 N 2.19 W
SRR31228273	SAMN43550204	BF297	Metagenome or environmental sample from human gut metagenome	Burkina Faso: Nanoro	12.68 N 2.19 W
SRR31228276	SAMN43550201	BF294	Metagenome or environmental sample from human gut metagenome	Burkina Faso: Nanoro	12.68 N 2.19 W
SRR31228286	SAMN43550192	BF285	Metagenome or environmental sample from human gut metagenome	Burkina Faso: Nanoro	12.68 N 2.19 W
SRR31228287	SAMN43550191	BF284	Metagenome or environmental sample from human gut metagenome	Burkina Faso: Nanoro	12.68 N 2.19 W
SRR31228293	SAMN43550186	BF278	Metagenome or environmental sample from human gut metagenome	Burkina Faso: Nanoro	12.68 N 2.19 W
SRR31228295	SAMN43550184	BF276	Metagenome or environmental sample from human gut metagenome	Burkina Faso: Nanoro	12.68 N 2.19 W
SRR31228297	SAMN43550182	BF274	Metagenome or environmental sample from human gut metagenome	Burkina Faso: Nanoro	12.68 N 2.19 W
SRR31228298	SAMN43550181	BF273	Metagenome or environmental sample from human gut metagenome	Burkina Faso: Nanoro	12.68 N 2.19 W
SRR31228302	SAMN43549977	BF068	Metagenome or environmental sample from human gut metagenome	Burkina Faso: Nanoro	12.68 N 2.19 W
SRR31228303	SAMN43549976	BF067	Metagenome or environmental sample from human gut metagenome	Burkina Faso: Nanoro	12.68 N 2.19 W
SRR31228304	SAMN43549975	BF066	Metagenome or environmental sample from human gut metagenome	Burkina Faso: Nanoro	12.68 N 2.19 W
SRR31228306	SAMN43549973	BF064	Metagenome or environmental sample from human gut metagenome	Burkina Faso: Nanoro	12.68 N 2.19 W
SRR31228308	SAMN43549971	BF062	Metagenome or environmental sample from human gut metagenome	Burkina Faso: Nanoro	12.68 N 2.19 W
SRR31228309	SAMN43549970	BF061	Metagenome or environmental sample from human gut metagenome	Burkina Faso: Nanoro	12.68 N 2.19 W
SRR31228313	SAMN43549967	BF058	Metagenome or environmental sample from human gut metagenome	Burkina Faso: Nanoro	12.68 N 2.19 W
SRR31227932	SAMN43549964	BF055	Metagenome or environmental sample from human gut metagenome	Burkina Faso: Nanoro	12.68 N 2.19 W
SRR31227934	SAMN43549962	BF053	Metagenome or environmental sample from human gut metagenome	Burkina Faso: Nanoro	12.68 N 2.19 W
SRR31227935	SAMN43549961	BF052	Metagenome or environmental sample from human gut metagenome	Burkina Faso: Nanoro	12.68 N 2.19 W
SRR31227939	SAMN43549958	BF049	Metagenome or environmental sample from human gut metagenome	Burkina Faso: Nanoro	12.68 N 2.19 W
SRR31227940	SAMN43549957	BF048	Metagenome or environmental sample from human gut metagenome	Burkina Faso: Nanoro	12.68 N 2.19 W
SRR31227948	SAMN43550150	BF242	Metagenome or environmental sample from human gut metagenome	Burkina Faso: Nanoro	12.68 N 2.19 W
SRR31227950	SAMN43550149	BF241	Metagenome or environmental sample from human gut metagenome	Burkina Faso: Nanoro	12.68 N 2.19 W
SRR31227953	SAMN43550146	BF238	Metagenome or environmental sample from human gut metagenome	Burkina Faso: Nanoro	12.68 N 2.19 W
SRR31227956	SAMN43550143	BF235	Metagenome or environmental sample from human gut metagenome	Burkina Faso: Nanoro	12.68 N 2.19 W
SRR31227957	SAMN43550142	BF234	Metagenome or environmental sample from human gut metagenome	Burkina Faso: Nanoro	12.68 N 2.19 W
SRR31227958	SAMN43550141	BF233	Metagenome or environmental sample from human gut metagenome	Burkina Faso: Nanoro	12.68 N 2.19 W
SRR31227960	SAMN43549933	BF024	Metagenome or environmental sample from human gut metagenome	Burkina Faso: Nanoro	12.68 N 2.19 W
SRR31227963	SAMN43550137	BF229	Metagenome or environmental sample from human gut metagenome	Burkina Faso: Nanoro	12.68 N 2.19 W
SRR31227964	SAMN43550136	BF228	Metagenome or environmental sample from human gut metagenome	Burkina Faso: Nanoro	12.68 N 2.19 W
SRR31227969	SAMN43550131	BF222	Metagenome or environmental sample from human gut metagenome	Burkina Faso: Nanoro	12.68 N 2.19 W
SRR31227971	SAMN43549932	BF023	Metagenome or environmental sample from human gut metagenome	Burkina Faso: Nanoro	12.68 N 2.19 W
SRR31227972	SAMN43550129	BF220	Metagenome or environmental sample from human gut metagenome	Burkina Faso: Nanoro	12.68 N 2.19 W
SRR31227973	SAMN43550128	BF219	Metagenome or environmental sample from human gut metagenome	Burkina Faso: Nanoro	12.68 N 2.19 W
SRR31227981	SAMN43550007	BF098	Metagenome or environmental sample from human gut metagenome	Burkina Faso: Nanoro	12.68 N 2.19 W
SRR31227982	SAMN43550006	BF097	Metagenome or environmental sample from human gut metagenome	Burkina Faso: Nanoro	12.68 N 2.19 W
SRR31227984	SAMN43550004	BF095	Metagenome or environmental sample from human gut metagenome	Burkina Faso: Nanoro	12.68 N 2.19 W
SRR31227989	SAMN43549919	BF010	Metagenome or environmental sample from human gut metagenome	Burkina Faso: Nanoro	12.68 N 2.19 W
SRR31227992	SAMN43549997	BF088	Metagenome or environmental sample from human gut metagenome	Burkina Faso: Nanoro	12.68 N 2.19 W
SRR31227999	SAMN43549990	BF081	Metagenome or environmental sample from human gut metagenome	Burkina Faso: Nanoro	12.68 N 2.19 W
SRR31228007	SAMN43549983	BF074	Metagenome or environmental sample from human gut metagenome	Burkina Faso: Nanoro	12.68 N 2.19 W
SRR31228012	SAMN43549914	BF005	Metagenome or environmental sample from human gut metagenome	Burkina Faso: Nanoro	12.68 N 2.19 W
SRR31228014	SAMN43550293	BF386	Metagenome or environmental sample from human gut metagenome	Burkina Faso: Nanoro	12.68 N 2.19 W
SRR31228018	SAMN43549948	BF039	Metagenome or environmental sample from human gut metagenome	Burkina Faso: Nanoro	12.68 N 2.19 W
SRR31228026	SAMN43550282	BF375	Metagenome or environmental sample from human gut metagenome	Burkina Faso: Nanoro	12.68 N 2.19 W
SRR31228029	SAMN43549947	BF038	Metagenome or environmental sample from human gut metagenome	Burkina Faso: Nanoro	12.68 N 2.19 W
SRR31228032	SAMN43550277	BF370	Metagenome or environmental sample from human gut metagenome	Burkina Faso: Nanoro	12.68 N 2.19 W
SRR31228035	SAMN43550274	BF367	Metagenome or environmental sample from human gut metagenome	Burkina Faso: Nanoro	12.68 N 2.19 W
SRR31228037	SAMN43550272	BF365	Metagenome or environmental sample from human gut metagenome	Burkina Faso: Nanoro	12.68 N 2.19 W
SRR31228040	SAMN43549946	BF037	Metagenome or environmental sample from human gut metagenome	Burkina Faso: Nanoro	12.68 N 2.19 W
SRR31228046	SAMN43550264	BF357	Metagenome or environmental sample from human gut metagenome	Burkina Faso: Nanoro	12.68 N 2.19 W
SRR31228053	SAMN43550258	BF351	Metagenome or environmental sample from human gut metagenome	Burkina Faso: Nanoro	12.68 N 2.19 W
SRR31228054	SAMN43550257	BF350	Metagenome or environmental sample from human gut metagenome	Burkina Faso: Nanoro	12.68 N 2.19 W
SRR31228055	SAMN43550256	BF349	Metagenome or environmental sample from human gut metagenome	Burkina Faso: Nanoro	12.68 N 2.19 W
SRR31228058	SAMN43550253	BF346	Metagenome or environmental sample from human gut metagenome	Burkina Faso: Nanoro	12.68 N 2.19 W
SRR31228059	SAMN43550252	BF345	Metagenome or environmental sample from human gut metagenome	Burkina Faso: Nanoro	12.68 N 2.19 W
SRR31228069	SAMN43550243	BF336	Metagenome or environmental sample from human gut metagenome	Burkina Faso: Nanoro	12.68 N 2.19 W
SRR31228070	SAMN43550242	BF335	Metagenome or environmental sample from human gut metagenome	Burkina Faso: Nanoro	12.68 N 2.19 W
SRR31228074	SAMN43550239	BF332	Metagenome or environmental sample from human gut metagenome	Burkina Faso: Nanoro	12.68 N 2.19 W
SRR31228077	SAMN43550236	BF329	Metagenome or environmental sample from human gut metagenome	Burkina Faso: Nanoro	12.68 N 2.19 W
SRR31228081	SAMN43550232	BF325	Metagenome or environmental sample from human gut metagenome	Burkina Faso: Nanoro	12.68 N 2.19 W
SRR31228083	SAMN43550230	BF323	Metagenome or environmental sample from human gut metagenome	Burkina Faso: Nanoro	12.68 N 2.19 W
SRR31228087	SAMN43550227	BF320	Metagenome or environmental sample from human gut metagenome	Burkina Faso: Nanoro	12.68 N 2.19 W
SRR31228090	SAMN43550224	BF317	Metagenome or environmental sample from human gut metagenome	Burkina Faso: Nanoro	12.68 N 2.19 W
SRR31228092	SAMN43550222	BF315	Metagenome or environmental sample from human gut metagenome	Burkina Faso: Nanoro	12.68 N 2.19 W
SRR31228093	SAMN43550221	BF314	Metagenome or environmental sample from human gut metagenome	Burkina Faso: Nanoro	12.68 N 2.19 W
SRR31228094	SAMN43550220	BF313	Metagenome or environmental sample from human gut metagenome	Burkina Faso: Nanoro	12.68 N 2.19 W
SRR31228095	SAMN43549941	BF032	Metagenome or environmental sample from human gut metagenome	Burkina Faso: Nanoro	12.68 N 2.19 W
SRR31228096	SAMN43550219	BF312	Metagenome or environmental sample from human gut metagenome	Burkina Faso: Nanoro	12.68 N 2.19 W
SRR31228098	SAMN43550217	BF310	Metagenome or environmental sample from human gut metagenome	Burkina Faso: Nanoro	12.68 N 2.19 W
SRR31228099	SAMN43550216	BF309	Metagenome or environmental sample from human gut metagenome	Burkina Faso: Nanoro	12.68 N 2.19 W
SRR31228105	SAMN43550210	BF303	Metagenome or environmental sample from human gut metagenome	Burkina Faso: Nanoro	12.68 N 2.19 W
SRR31228107	SAMN43550180	BF272	Metagenome or environmental sample from human gut metagenome	Burkina Faso: Nanoro	12.68 N 2.19 W
SRR31228108	SAMN43549937	BF028	Metagenome or environmental sample from human gut metagenome	Burkina Faso: Nanoro	12.68 N 2.19 W
SRR31228111	SAMN43550177	BF269	Metagenome or environmental sample from human gut metagenome	Burkina Faso: Nanoro	12.68 N 2.19 W
SRR31228112	SAMN43550176	BF268	Metagenome or environmental sample from human gut metagenome	Burkina Faso: Nanoro	12.68 N 2.19 W
SRR31228116	SAMN43550172	BF264	Metagenome or environmental sample from human gut metagenome	Burkina Faso: Nanoro	12.68 N 2.19 W
SRR31228118	SAMN43550170	BF262	Metagenome or environmental sample from human gut metagenome	Burkina Faso: Nanoro	12.68 N 2.19 W
SRR31228121	SAMN43550168	BF260	Metagenome or environmental sample from human gut metagenome	Burkina Faso: Nanoro	12.68 N 2.19 W
SRR31228124	SAMN43550165	BF257	Metagenome or environmental sample from human gut metagenome	Burkina Faso: Nanoro	12.68 N 2.19 W
SRR31228126	SAMN43550163	BF255	Metagenome or environmental sample from human gut metagenome	Burkina Faso: Nanoro	12.68 N 2.19 W
SRR31228135	SAMN43550155	BF247	Metagenome or environmental sample from human gut metagenome	Burkina Faso: Nanoro	12.68 N 2.19 W
SRR31228137	SAMN43550153	BF245	Metagenome or environmental sample from human gut metagenome	Burkina Faso: Nanoro	12.68 N 2.19 W
SRR31228138	SAMN43550152	BF244	Metagenome or environmental sample from human gut metagenome	Burkina Faso: Nanoro	12.68 N 2.19 W
SRR31228145	SAMN43549925	BF016	Metagenome or environmental sample from human gut metagenome	Burkina Faso: Nanoro	12.68 N 2.19 W
SRR31228147	SAMN43550058	BF149	Metagenome or environmental sample from human gut metagenome	Burkina Faso: Nanoro	12.68 N 2.19 W
SRR31228148	SAMN43550057	BF148	Metagenome or environmental sample from human gut metagenome	Burkina Faso: Nanoro	12.68 N 2.19 W
SRR31228151	SAMN43550054	BF145	Metagenome or environmental sample from human gut metagenome	Burkina Faso: Nanoro	12.68 N 2.19 W
SRR31228152	SAMN43550053	BF144	Metagenome or environmental sample from human gut metagenome	Burkina Faso: Nanoro	12.68 N 2.19 W
SRR31228156	SAMN43549924	BF015	Metagenome or environmental sample from human gut metagenome	Burkina Faso: Nanoro	12.68 N 2.19 W
SRR31228159	SAMN43550047	BF138	Metagenome or environmental sample from human gut metagenome	Burkina Faso: Nanoro	12.68 N 2.19 W
SRR31228160	SAMN43550046	BF137	Metagenome or environmental sample from human gut metagenome	Burkina Faso: Nanoro	12.68 N 2.19 W
SRR31228169	SAMN43550038	BF129	Metagenome or environmental sample from human gut metagenome	Burkina Faso: Nanoro	12.68 N 2.19 W
SRR31228171	SAMN43550122	BF213	Metagenome or environmental sample from human gut metagenome	Burkina Faso: Nanoro	12.68 N 2.19 W
SRR31228172	SAMN43550121	BF212	Metagenome or environmental sample from human gut metagenome	Burkina Faso: Nanoro	12.68 N 2.19 W
SRR31228177	SAMN43550117	BF208	Metagenome or environmental sample from human gut metagenome	Burkina Faso: Nanoro	12.68 N 2.19 W
SRR31228184	SAMN43550110	BF201	Metagenome or environmental sample from human gut metagenome	Burkina Faso: Nanoro	12.68 N 2.19 W
SRR31228185	SAMN43549930	BF021	Metagenome or environmental sample from human gut metagenome	Burkina Faso: Nanoro	12.68 N 2.19 W
SRR31228186	SAMN43549912	BF003	Metagenome or environmental sample from human gut metagenome	Burkina Faso: Nanoro	12.68 N 2.19 W
SRR31228187	SAMN43550109	BF200	Metagenome or environmental sample from human gut metagenome	Burkina Faso: Nanoro	12.68 N 2.19 W
SRR31228188	SAMN43550108	BF199	Metagenome or environmental sample from human gut metagenome	Burkina Faso: Nanoro	12.68 N 2.19 W
SRR31228189	SAMN43550107	BF198	Metagenome or environmental sample from human gut metagenome	Burkina Faso: Nanoro	12.68 N 2.19 W
SRR31228191	SAMN43550105	BF196	Metagenome or environmental sample from human gut metagenome	Burkina Faso: Nanoro	12.68 N 2.19 W
SRR31228199	SAMN43550098	BF189	Metagenome or environmental sample from human gut metagenome	Burkina Faso: Nanoro	12.68 N 2.19 W
SRR31228204	SAMN43550093	BF184	Metagenome or environmental sample from human gut metagenome	Burkina Faso: Nanoro	12.68 N 2.19 W
SRR31228205	SAMN43550092	BF183	Metagenome or environmental sample from human gut metagenome	Burkina Faso: Nanoro	12.68 N 2.19 W
SRR31228206	SAMN43550091	BF182	Metagenome or environmental sample from human gut metagenome	Burkina Faso: Nanoro	12.68 N 2.19 W
SRR31228208	SAMN43549928	BF019	Metagenome or environmental sample from human gut metagenome	Burkina Faso: Nanoro	12.68 N 2.19 W
SRR31228210	SAMN43550088	BF179	Metagenome or environmental sample from human gut metagenome	Burkina Faso: Nanoro	12.68 N 2.19 W
SRR31228211	SAMN43550087	BF178	Metagenome or environmental sample from human gut metagenome	Burkina Faso: Nanoro	12.68 N 2.19 W
SRR31228212	SAMN43550086	BF177	Metagenome or environmental sample from human gut metagenome	Burkina Faso: Nanoro	12.68 N 2.19 W
SRR31228219	SAMN43549927	BF018	Metagenome or environmental sample from human gut metagenome	Burkina Faso: Nanoro	12.68 N 2.19 W
SRR31228220	SAMN43550079	BF170	Metagenome or environmental sample from human gut metagenome	Burkina Faso: Nanoro	12.68 N 2.19 W
SRR31228223	SAMN43550076	BF167	Metagenome or environmental sample from human gut metagenome	Burkina Faso: Nanoro	12.68 N 2.19 W
SRR31228227	SAMN43550072	BF163	Metagenome or environmental sample from human gut metagenome	Burkina Faso: Nanoro	12.68 N 2.19 W
SRR31228228	SAMN43550071	BF162	Metagenome or environmental sample from human gut metagenome	Burkina Faso: Nanoro	12.68 N 2.19 W
SRR31228230	SAMN43549926	BF017	Metagenome or environmental sample from human gut metagenome	Burkina Faso: Nanoro	12.68 N 2.19 W
SRR31228231	SAMN43550069	BF160	Metagenome or environmental sample from human gut metagenome	Burkina Faso: Nanoro	12.68 N 2.19 W
SRR31228237	SAMN43550034	BF125	Metagenome or environmental sample from human gut metagenome	Burkina Faso: Nanoro	12.68 N 2.19 W
SRR31228241	SAMN43550030	BF121	Metagenome or environmental sample from human gut metagenome	Burkina Faso: Nanoro	12.68 N 2.19 W
SRR31228244	SAMN43550028	BF119	Metagenome or environmental sample from human gut metagenome	Burkina Faso: Nanoro	12.68 N 2.19 W
SRR31228245	SAMN43550027	BF118	Metagenome or environmental sample from human gut metagenome	Burkina Faso: Nanoro	12.68 N 2.19 W
SRR31228249	SAMN43550023	BF114	Metagenome or environmental sample from human gut metagenome	Burkina Faso: Nanoro	12.68 N 2.19 W
SRR31228252	SAMN43550020	BF111	Metagenome or environmental sample from human gut metagenome	Burkina Faso: Nanoro	12.68 N 2.19 W
SRR31228254	SAMN43550019	BF110	Metagenome or environmental sample from human gut metagenome	Burkina Faso: Nanoro	12.68 N 2.19 W
SRR31228256	SAMN43550017	BF108	Metagenome or environmental sample from human gut metagenome	Burkina Faso: Nanoro	12.68 N 2.19 W
SRR31228257	SAMN43550016	BF107	Metagenome or environmental sample from human gut metagenome	Burkina Faso: Nanoro	12.68 N 2.19 W
SRR31228274	SAMN43550203	BF296	Metagenome or environmental sample from human gut metagenome	Burkina Faso: Nanoro	12.68 N 2.19 W
SRR31228275	SAMN43550202	BF295	Metagenome or environmental sample from human gut metagenome	Burkina Faso: Nanoro	12.68 N 2.19 W
SRR31228278	SAMN43549939	BF030	Metagenome or environmental sample from human gut metagenome	Burkina Faso: Nanoro	12.68 N 2.19 W
SRR31228282	SAMN43550196	BF289	Metagenome or environmental sample from human gut metagenome	Burkina Faso: Nanoro	12.68 N 2.19 W
SRR31228283	SAMN43550195	BF288	Metagenome or environmental sample from human gut metagenome	Burkina Faso: Nanoro	12.68 N 2.19 W
SRR31228284	SAMN43550194	BF287	Metagenome or environmental sample from human gut metagenome	Burkina Faso: Nanoro	12.68 N 2.19 W
SRR31228285	SAMN43550193	BF286	Metagenome or environmental sample from human gut metagenome	Burkina Faso: Nanoro	12.68 N 2.19 W
SRR31228288	SAMN43550190	BF283	Metagenome or environmental sample from human gut metagenome	Burkina Faso: Nanoro	12.68 N 2.19 W
SRR31228290	SAMN43550189	BF282	Metagenome or environmental sample from human gut metagenome	Burkina Faso: Nanoro	12.68 N 2.19 W
SRR31228291	SAMN43550188	BF280	Metagenome or environmental sample from human gut metagenome	Burkina Faso: Nanoro	12.68 N 2.19 W
SRR31228294	SAMN43550185	BF277	Metagenome or environmental sample from human gut metagenome	Burkina Faso: Nanoro	12.68 N 2.19 W
SRR31228296	SAMN43550183	BF275	Metagenome or environmental sample from human gut metagenome	Burkina Faso: Nanoro	12.68 N 2.19 W
SRR31228299	SAMN43549917	BF008	Metagenome or environmental sample from human gut metagenome	Burkina Faso: Nanoro	12.68 N 2.19 W
SRR31228305	SAMN43549974	BF065	Metagenome or environmental sample from human gut metagenome	Burkina Faso: Nanoro	12.68 N 2.19 W
SRR31228310	SAMN43549916	BF007	Metagenome or environmental sample from human gut metagenome	Burkina Faso: Nanoro	12.68 N 2.19 W
SRR31228311	SAMN43549969	BF060	Metagenome or environmental sample from human gut metagenome	Burkina Faso: Nanoro	12.68 N 2.19 W
SRR31228312	SAMN43549968	BF059	Metagenome or environmental sample from human gut metagenome	Burkina Faso: Nanoro	12.68 N 2.19 W
SRR31228314	SAMN43549966	BF057	Metagenome or environmental sample from human gut metagenome	Burkina Faso: Nanoro	12.68 N 2.19 W
